{
    "$schema": "http://schema.management.azure.com/schemas/2015-01-01/deploymentTemplate.json#",
    "contentVersion": "1.0.0.0",
    "parameters": {
        "factoryName": {
            "type": "string",
            "metadata": "Data Factory name",
            "defaultValue": "dev-ci-cd-demo-adf"
        },
        "is_cicddemodl_managed_identity_properties_typeProperties_url": {
            "type": "string",
            "defaultValue": "https://devcicddemojjecodl.dfs.core.windows.net/"
        }
    },
    "variables": {
        "factoryId": "[concat('Microsoft.DataFactory/factories/', parameters('factoryName'))]"
    },
    "resources": [
        {
            "name": "[concat(parameters('factoryName'), '/pl_pipeline_1')]",
            "type": "Microsoft.DataFactory/factories/pipelines",
            "apiVersion": "2018-06-01",
            "properties": {
                "activities": [
                    {
                        "name": "Wait1",
                        "type": "Wait",
                        "dependsOn": [],
                        "userProperties": [],
                        "typeProperties": {
                            "waitTimeInSeconds": 5
                        }
                    }
                ],
                "policy": {
                    "elapsedTimeMetric": {}
                },
                "annotations": []
            },
            "dependsOn": []
        },
        {
            "name": "[concat(parameters('factoryName'), '/pl_pipeline_3')]",
            "type": "Microsoft.DataFactory/factories/pipelines",
            "apiVersion": "2018-06-01",
            "properties": {
                "activities": [
                    {
                        "name": "Wait for 1 second",
                        "type": "Wait",
                        "dependsOn": [],
                        "userProperties": [],
                        "typeProperties": {
                            "waitTimeInSeconds": 1
                        }
                    }
                ],
                "policy": {
                    "elapsedTimeMetric": {}
                },
                "annotations": []
            },
            "dependsOn": []
        },
        {
            "name": "[concat(parameters('factoryName'), '/pl_pipeline_4')]",
            "type": "Microsoft.DataFactory/factories/pipelines",
            "apiVersion": "2018-06-01",
            "properties": {
                "activities": [
                    {
                        "name": "Wait1",
                        "type": "Wait",
                        "dependsOn": [],
                        "userProperties": [],
                        "typeProperties": {
                            "waitTimeInSeconds": 5
                        }
                    }
                ],
                "policy": {
                    "elapsedTimeMetric": {}
                },
                "annotations": []
            },
            "dependsOn": []
        },
        {
            "name": "[concat(parameters('factoryName'), '/is_cicddemodl_managed_identity')]",
            "type": "Microsoft.DataFactory/factories/linkedServices",
            "apiVersion": "2018-06-01",
            "properties": {
                "annotations": [],
                "type": "AzureBlobFS",
                "typeProperties": {
                    "url": "[parameters('is_cicddemodl_managed_identity_properties_typeProperties_url')]"
                }
            },
            "dependsOn": []
        },
        {
            "name": "[concat(parameters('factoryName'), '/ds_population_sink')]",
            "type": "Microsoft.DataFactory/factories/datasets",
            "apiVersion": "2018-06-01",
            "properties": {
                "linkedServiceName": {
                    "referenceName": "is_cicddemodl_managed_identity",
                    "type": "LinkedServiceReference"
                },
                "annotations": [],
                "type": "DelimitedText",
                "typeProperties": {
                    "location": {
                        "type": "AzureBlobFSLocation",
                        "fileSystem": "sink"
                    },
                    "columnDelimiter": ",",
                    "escapeChar": "\\",
                    "firstRowAsHeader": true,
                    "quoteChar": "\""
                },
                "schema": []
            },
            "dependsOn": [
                "[concat(variables('factoryId'), '/linkedServices/is_cicddemodl_managed_identity')]"
            ]
        },
        {
            "name": "[concat(parameters('factoryName'), '/ds_population_source')]",
            "type": "Microsoft.DataFactory/factories/datasets",
            "apiVersion": "2018-06-01",
            "properties": {
                "linkedServiceName": {
                    "referenceName": "is_cicddemodl_managed_identity",
                    "type": "LinkedServiceReference"
                },
                "annotations": [],
                "type": "DelimitedText",
                "typeProperties": {
                    "location": {
                        "type": "AzureBlobFSLocation",
                        "fileName": "population_by_age.tsv",
                        "fileSystem": "source"
                    },
                    "columnDelimiter": ",",
                    "escapeChar": "\\",
                    "firstRowAsHeader": true,
                    "quoteChar": "\""
                },
                "schema": []
            },
            "dependsOn": [
                "[concat(variables('factoryId'), '/linkedServices/is_cicddemodl_managed_identity')]"
            ]
        },
        {
            "name": "[concat(parameters('factoryName'), '/trigger_1')]",
            "type": "Microsoft.DataFactory/factories/triggers",
            "apiVersion": "2018-06-01",
            "properties": {
                "annotations": [],
                "runtimeState": "Started",
                "pipeline": {
                    "pipelineReference": {
                        "referenceName": "pl_pipeline_1",
                        "type": "PipelineReference"
                    },
                    "parameters": {}
                },
                "type": "TumblingWindowTrigger",
                "typeProperties": {
                    "frequency": "Hour",
                    "interval": 24,
                    "startTime": "2024-09-10T19:08:00Z",
                    "endTime": "2024-09-11T19:47:36Z",
                    "delay": "00:00:00",
                    "maxConcurrency": 50,
                    "retryPolicy": {
                        "intervalInSeconds": 30
                    },
                    "dependsOn": []
                }
            },
            "dependsOn": [
                "[concat(variables('factoryId'), '/pipelines/pl_pipeline_1')]"
            ]
        },
        {
            "name": "[concat(parameters('factoryName'), '/pl_copy_population_managed_identity')]",
            "type": "Microsoft.DataFactory/factories/pipelines",
            "apiVersion": "2018-06-01",
            "properties": {
                "activities": [
                    {
                        "name": "Copy Population Data",
                        "type": "Copy",
                        "dependsOn": [],
                        "policy": {
                            "timeout": "0.12:00:00",
                            "retry": 0,
                            "retryIntervalInSeconds": 30,
                            "secureOutput": false,
                            "secureInput": false
                        },
                        "userProperties": [],
                        "typeProperties": {
                            "source": {
                                "type": "DelimitedTextSource",
                                "storeSettings": {
                                    "type": "AzureBlobFSReadSettings",
                                    "recursive": true,
                                    "enablePartitionDiscovery": false
                                },
                                "formatSettings": {
                                    "type": "DelimitedTextReadSettings"
                                }
                            },
                            "sink": {
                                "type": "DelimitedTextSink",
                                "storeSettings": {
                                    "type": "AzureBlobFSWriteSettings"
                                },
                                "formatSettings": {
                                    "type": "DelimitedTextWriteSettings",
                                    "quoteAllText": true,
                                    "fileExtension": ".txt"
                                }
                            },
                            "enableStaging": false,
                            "translator": {
                                "type": "TabularTranslator",
                                "typeConversion": true,
                                "typeConversionSettings": {
                                    "allowDataTruncation": true,
                                    "treatBooleanAsNumber": false
                                }
                            }
                        },
                        "inputs": [
                            {
                                "referenceName": "ds_population_source",
                                "type": "DatasetReference",
                                "parameters": {}
                            }
                        ],
                        "outputs": [
                            {
                                "referenceName": "ds_population_sink",
                                "type": "DatasetReference",
                                "parameters": {}
                            }
                        ]
                    }
                ],
                "policy": {
                    "elapsedTimeMetric": {}
                },
                "annotations": []
            },
            "dependsOn": [
                "[concat(variables('factoryId'), '/datasets/ds_population_source')]",
                "[concat(variables('factoryId'), '/datasets/ds_population_sink')]"
            ]
        }
    ]
}