{
    "$schema": "https://schema.management.azure.com/schemas/2015-01-01/deploymentParameters.json#",
    "contentVersion": "1.0.0.0",
    "parameters": {
        "factoryName": {
            "value": "dev-ci-cd-demo-adf"
        },
        "is_cicddemodl_managed_identity_properties_typeProperties_url": {
            "value": "https://devcicddemojjecodl.dfs.core.windows.net/"
        },
        "containerUri": {
            "value": ""
        },
        "containerSasToken": {
            "value": ""
        }
    }
}